-- phpMyAdmin SQL Dump
-- version 5.1.1
-- https://www.phpmyadmin.net/
--
-- Host: 127.0.0.1
-- Waktu pembuatan: 17 Jan 2024 pada 02.30
-- Versi server: 10.4.22-MariaDB
-- Versi PHP: 8.1.1

SET SQL_MODE = "NO_AUTO_VALUE_ON_ZERO";
START TRANSACTION;
SET time_zone = "+00:00";


/*!40101 SET @OLD_CHARACTER_SET_CLIENT=@@CHARACTER_SET_CLIENT */;
/*!40101 SET @OLD_CHARACTER_SET_RESULTS=@@CHARACTER_SET_RESULTS */;
/*!40101 SET @OLD_COLLATION_CONNECTION=@@COLLATION_CONNECTION */;
/*!40101 SET NAMES utf8mb4 */;

--
-- Database: `absensi_app`
--

-- --------------------------------------------------------

--
-- Struktur dari tabel `attendances`
--

CREATE TABLE `attendances` (
  `id` bigint(20) UNSIGNED NOT NULL,
  `title` varchar(255) COLLATE utf8mb4_unicode_ci NOT NULL,
  `description` varchar(500) COLLATE utf8mb4_unicode_ci NOT NULL,
  `start_time` time NOT NULL,
  `batas_start_time` time NOT NULL,
  `end_time` time NOT NULL,
  `batas_end_time` time NOT NULL,
  `code` varchar(255) COLLATE utf8mb4_unicode_ci DEFAULT NULL,
  `created_at` timestamp NULL DEFAULT NULL,
  `updated_at` timestamp NULL DEFAULT NULL
) ENGINE=InnoDB DEFAULT CHARSET=utf8mb4 COLLATE=utf8mb4_unicode_ci;

--
-- Dumping data untuk tabel `attendances`
--

INSERT INTO `attendances` (`id`, `title`, `description`, `start_time`, `batas_start_time`, `end_time`, `batas_end_time`, `code`, `created_at`, `updated_at`) VALUES
(1, 'absensi menggunakan QR', 'absensi', '10:00:00', '10:40:00', '10:35:00', '11:00:00', '2109VYvzyhzkxCXV', '2023-11-30 03:28:31', '2023-11-30 03:28:31'),
(2, 'absensi tombol', 'absensi', '10:35:00', '11:00:00', '10:35:00', '11:00:00', NULL, '2023-11-30 03:31:45', '2023-11-30 03:31:45');

-- --------------------------------------------------------

--
-- Struktur dari tabel `attendance_position`
--

CREATE TABLE `attendance_position` (
  `id` bigint(20) UNSIGNED NOT NULL,
  `attendance_id` bigint(20) UNSIGNED NOT NULL,
  `position_id` bigint(20) UNSIGNED NOT NULL,
  `created_at` timestamp NULL DEFAULT NULL,
  `updated_at` timestamp NULL DEFAULT NULL
) ENGINE=InnoDB DEFAULT CHARSET=utf8mb4 COLLATE=utf8mb4_unicode_ci;

--
-- Dumping data untuk tabel `attendance_position`
--

INSERT INTO `attendance_position` (`id`, `attendance_id`, `position_id`, `created_at`, `updated_at`) VALUES
(1, 1, 3, NULL, NULL),
(2, 1, 2, NULL, NULL),
(3, 1, 4, NULL, NULL),
(4, 1, 1, NULL, NULL),
(5, 2, 3, NULL, NULL),
(6, 2, 2, NULL, NULL),
(7, 2, 4, NULL, NULL),
(8, 2, 1, NULL, NULL);

-- --------------------------------------------------------

--
-- Struktur dari tabel `failed_jobs`
--

CREATE TABLE `failed_jobs` (
  `id` bigint(20) UNSIGNED NOT NULL,
  `uuid` varchar(255) COLLATE utf8mb4_unicode_ci NOT NULL,
  `connection` text COLLATE utf8mb4_unicode_ci NOT NULL,
  `queue` text COLLATE utf8mb4_unicode_ci NOT NULL,
  `payload` longtext COLLATE utf8mb4_unicode_ci NOT NULL,
  `exception` longtext COLLATE utf8mb4_unicode_ci NOT NULL,
  `failed_at` timestamp NOT NULL DEFAULT current_timestamp()
) ENGINE=InnoDB DEFAULT CHARSET=utf8mb4 COLLATE=utf8mb4_unicode_ci;

-- --------------------------------------------------------

--
-- Struktur dari tabel `holidays`
--

CREATE TABLE `holidays` (
  `id` bigint(20) UNSIGNED NOT NULL,
  `title` varchar(255) COLLATE utf8mb4_unicode_ci NOT NULL,
  `description` varchar(255) COLLATE utf8mb4_unicode_ci NOT NULL,
  `holiday_date` date NOT NULL,
  `created_at` timestamp NULL DEFAULT NULL,
  `updated_at` timestamp NULL DEFAULT NULL
) ENGINE=InnoDB DEFAULT CHARSET=utf8mb4 COLLATE=utf8mb4_unicode_ci;

-- --------------------------------------------------------

--
-- Struktur dari tabel `migrations`
--

CREATE TABLE `migrations` (
  `id` int(10) UNSIGNED NOT NULL,
  `migration` varchar(255) COLLATE utf8mb4_unicode_ci NOT NULL,
  `batch` int(11) NOT NULL
) ENGINE=InnoDB DEFAULT CHARSET=utf8mb4 COLLATE=utf8mb4_unicode_ci;

--
-- Dumping data untuk tabel `migrations`
--

INSERT INTO `migrations` (`id`, `migration`, `batch`) VALUES
(1, '2014_10_12_000000_create_users_table', 1),
(2, '2014_10_12_100000_create_password_resets_table', 1),
(3, '2019_08_19_000000_create_failed_jobs_table', 1),
(4, '2019_12_14_000001_create_personal_access_tokens_table', 1),
(5, '2022_06_16_075041_create_roles_table', 1),
(6, '2022_06_16_075123_add_role_id_to_users_table', 1),
(7, '2022_06_17_134607_create_positions_table', 1),
(8, '2022_06_17_142639_add_phone_and_position_id_to_users_table', 1),
(9, '2022_06_20_114945_create_holidays_table', 1),
(10, '2022_06_21_135647_create_attendances_table', 1),
(11, '2022_06_21_135721_create_attendance_position_table', 1),
(12, '2022_06_21_144144_create_presences_table', 1),
(13, '2022_06_26_214220_create_permissions_table', 1),
(14, '2022_06_26_214239_add_is_permission_to_presences_table', 1),
(15, '2022_06_26_215859_add_permission_date_to_permissions_table', 1),
(16, '2022_06_27_162656_add_is_accepted_to_permissions_table', 1);

-- --------------------------------------------------------

--
-- Struktur dari tabel `password_resets`
--

CREATE TABLE `password_resets` (
  `email` varchar(255) COLLATE utf8mb4_unicode_ci NOT NULL,
  `token` varchar(255) COLLATE utf8mb4_unicode_ci NOT NULL,
  `created_at` timestamp NULL DEFAULT NULL
) ENGINE=InnoDB DEFAULT CHARSET=utf8mb4 COLLATE=utf8mb4_unicode_ci;

-- --------------------------------------------------------

--
-- Struktur dari tabel `permissions`
--

CREATE TABLE `permissions` (
  `id` bigint(20) UNSIGNED NOT NULL,
  `user_id` bigint(20) UNSIGNED NOT NULL,
  `attendance_id` bigint(20) UNSIGNED NOT NULL,
  `title` varchar(255) COLLATE utf8mb4_unicode_ci NOT NULL,
  `description` varchar(500) COLLATE utf8mb4_unicode_ci NOT NULL,
  `permission_date` date NOT NULL,
  `is_accepted` tinyint(1) NOT NULL DEFAULT 0,
  `created_at` timestamp NULL DEFAULT NULL,
  `updated_at` timestamp NULL DEFAULT NULL
) ENGINE=InnoDB DEFAULT CHARSET=utf8mb4 COLLATE=utf8mb4_unicode_ci;

-- --------------------------------------------------------

--
-- Struktur dari tabel `personal_access_tokens`
--

CREATE TABLE `personal_access_tokens` (
  `id` bigint(20) UNSIGNED NOT NULL,
  `tokenable_type` varchar(255) COLLATE utf8mb4_unicode_ci NOT NULL,
  `tokenable_id` bigint(20) UNSIGNED NOT NULL,
  `name` varchar(255) COLLATE utf8mb4_unicode_ci NOT NULL,
  `token` varchar(64) COLLATE utf8mb4_unicode_ci NOT NULL,
  `abilities` text COLLATE utf8mb4_unicode_ci DEFAULT NULL,
  `last_used_at` timestamp NULL DEFAULT NULL,
  `created_at` timestamp NULL DEFAULT NULL,
  `updated_at` timestamp NULL DEFAULT NULL
) ENGINE=InnoDB DEFAULT CHARSET=utf8mb4 COLLATE=utf8mb4_unicode_ci;

-- --------------------------------------------------------

--
-- Struktur dari tabel `positions`
--

CREATE TABLE `positions` (
  `id` bigint(20) UNSIGNED NOT NULL,
  `name` varchar(255) COLLATE utf8mb4_unicode_ci NOT NULL,
  `created_at` timestamp NULL DEFAULT NULL,
  `updated_at` timestamp NULL DEFAULT NULL
) ENGINE=InnoDB DEFAULT CHARSET=utf8mb4 COLLATE=utf8mb4_unicode_ci;

--
-- Dumping data untuk tabel `positions`
--

INSERT INTO `positions` (`id`, `name`, `created_at`, `updated_at`) VALUES
(1, 'Pegawai \"Biasa\"', '2023-11-30 03:19:26', '2023-11-30 03:19:26'),
(2, 'Manager', '2023-11-30 03:19:26', '2023-11-30 03:19:26'),
(3, 'Direktur', '2023-11-30 03:19:26', '2023-11-30 03:19:26'),
(4, 'Operator', '2023-11-30 03:19:26', '2023-11-30 03:19:26');

-- --------------------------------------------------------

--
-- Struktur dari tabel `presences`
--

CREATE TABLE `presences` (
  `id` bigint(20) UNSIGNED NOT NULL,
  `user_id` bigint(20) UNSIGNED NOT NULL,
  `attendance_id` bigint(20) UNSIGNED NOT NULL,
  `presence_date` date NOT NULL,
  `presence_enter_time` varchar(255) COLLATE utf8mb4_unicode_ci DEFAULT NULL,
  `presence_out_time` time DEFAULT NULL,
  `is_permission` tinyint(1) NOT NULL DEFAULT 0,
  `created_at` timestamp NULL DEFAULT NULL,
  `updated_at` timestamp NULL DEFAULT NULL
) ENGINE=InnoDB DEFAULT CHARSET=utf8mb4 COLLATE=utf8mb4_unicode_ci;

--
-- Dumping data untuk tabel `presences`
--

INSERT INTO `presences` (`id`, `user_id`, `attendance_id`, `presence_date`, `presence_enter_time`, `presence_out_time`, `is_permission`, `created_at`, `updated_at`) VALUES
(1, 13, 2, '2023-11-30', '10:35:34', '10:35:40', 0, '2023-11-30 03:35:34', '2023-11-30 03:35:40');

-- --------------------------------------------------------

--
-- Struktur dari tabel `roles`
--

CREATE TABLE `roles` (
  `id` bigint(20) UNSIGNED NOT NULL,
  `name` varchar(255) COLLATE utf8mb4_unicode_ci NOT NULL,
  `created_at` timestamp NULL DEFAULT NULL,
  `updated_at` timestamp NULL DEFAULT NULL
) ENGINE=InnoDB DEFAULT CHARSET=utf8mb4 COLLATE=utf8mb4_unicode_ci;

--
-- Dumping data untuk tabel `roles`
--

INSERT INTO `roles` (`id`, `name`, `created_at`, `updated_at`) VALUES
(1, 'admin', '2023-11-30 03:19:25', '2023-11-30 03:19:25'),
(2, 'operator', '2023-11-30 03:19:26', '2023-11-30 03:19:26'),
(3, 'user', '2023-11-30 03:19:26', '2023-11-30 03:19:26');

-- --------------------------------------------------------

--
-- Struktur dari tabel `users`
--

CREATE TABLE `users` (
  `id` bigint(20) UNSIGNED NOT NULL,
  `name` varchar(255) COLLATE utf8mb4_unicode_ci NOT NULL,
  `email` varchar(255) COLLATE utf8mb4_unicode_ci NOT NULL,
  `email_verified_at` timestamp NULL DEFAULT NULL,
  `password` varchar(255) COLLATE utf8mb4_unicode_ci NOT NULL,
  `phone` varchar(255) COLLATE utf8mb4_unicode_ci DEFAULT NULL,
  `position_id` bigint(20) UNSIGNED NOT NULL,
  `role_id` bigint(20) UNSIGNED NOT NULL,
  `remember_token` varchar(100) COLLATE utf8mb4_unicode_ci DEFAULT NULL,
  `created_at` timestamp NULL DEFAULT NULL,
  `updated_at` timestamp NULL DEFAULT NULL
) ENGINE=InnoDB DEFAULT CHARSET=utf8mb4 COLLATE=utf8mb4_unicode_ci;

--
-- Dumping data untuk tabel `users`
--

INSERT INTO `users` (`id`, `name`, `email`, `email_verified_at`, `password`, `phone`, `position_id`, `role_id`, `remember_token`, `created_at`, `updated_at`) VALUES
(1, 'Muhammad Pauzi (Admin)', 'admin@gmail.com', '2023-11-30 03:19:26', '$2y$10$92IXUNpkjO0rOQ5byMi.Ye4oKoEa3Ro9llC/.og/at2.uheWG/igi', '(502) 812-3260', 4, 1, 'O5kCEorTP85CK5AlJgU7cYeQnGkx7vodp3kwt54DTCddgtzjMKTnGJJSMQ7A', '2023-11-30 03:19:26', '2023-11-30 03:19:26'),
(2, 'Jordi Erdman', 'juston.oconnell@example.com', '2023-11-30 03:19:26', '$2y$10$92IXUNpkjO0rOQ5byMi.Ye4oKoEa3Ro9llC/.og/at2.uheWG/igi', '(631) 612-8071', 4, 2, 'PTKYv0jLpQ', '2023-11-30 03:19:26', '2023-11-30 03:19:26'),
(3, 'Opal Kiehn', 'zbrown@example.net', '2023-11-30 03:19:26', '$2y$10$92IXUNpkjO0rOQ5byMi.Ye4oKoEa3Ro9llC/.og/at2.uheWG/igi', '+1 (445) 414-4474', 1, 3, '3t5qXEdOX5', '2023-11-30 03:19:26', '2023-11-30 03:19:26'),
(4, 'Nikki Simonis', 'kale93@example.com', '2023-11-30 03:19:26', '$2y$10$92IXUNpkjO0rOQ5byMi.Ye4oKoEa3Ro9llC/.og/at2.uheWG/igi', '+1-940-864-9941', 1, 3, 'Ue0tcnuQYm', '2023-11-30 03:19:26', '2023-11-30 03:19:26'),
(5, 'Adonis McKenzie', 'patrick39@example.org', '2023-11-30 03:19:26', '$2y$10$92IXUNpkjO0rOQ5byMi.Ye4oKoEa3Ro9llC/.og/at2.uheWG/igi', '+17867044364', 1, 3, '9UsuyFoqnG', '2023-11-30 03:19:26', '2023-11-30 03:19:26'),
(6, 'Miss Wendy Herman PhD', 'christiansen.lilian@example.net', '2023-11-30 03:19:26', '$2y$10$92IXUNpkjO0rOQ5byMi.Ye4oKoEa3Ro9llC/.og/at2.uheWG/igi', '+1 (530) 379-6825', 1, 3, 'PCLFdk0CBh', '2023-11-30 03:19:26', '2023-11-30 03:19:26'),
(7, 'Ayla Mante II', 'isabella99@example.com', '2023-11-30 03:19:26', '$2y$10$92IXUNpkjO0rOQ5byMi.Ye4oKoEa3Ro9llC/.og/at2.uheWG/igi', '(361) 566-4603', 1, 3, 'XlwN2woJRd', '2023-11-30 03:19:26', '2023-11-30 03:19:26'),
(8, 'Tiffany Shields', 'helga.morissette@example.org', '2023-11-30 03:19:26', '$2y$10$92IXUNpkjO0rOQ5byMi.Ye4oKoEa3Ro9llC/.og/at2.uheWG/igi', '+1-212-554-9336', 1, 3, 'xhRT05kDcZ', '2023-11-30 03:19:26', '2023-11-30 03:19:26'),
(9, 'Dr. Brice O\'Conner IV', 'leola.dibbert@example.com', '2023-11-30 03:19:26', '$2y$10$92IXUNpkjO0rOQ5byMi.Ye4oKoEa3Ro9llC/.og/at2.uheWG/igi', '+1-650-776-5754', 1, 3, 'rpFkVfEIyh', '2023-11-30 03:19:26', '2023-11-30 03:19:26'),
(10, 'Prof. Jaquelin Gaylord', 'crona.winnifred@example.org', '2023-11-30 03:19:26', '$2y$10$92IXUNpkjO0rOQ5byMi.Ye4oKoEa3Ro9llC/.og/at2.uheWG/igi', '+1.564.610.2863', 1, 3, '4JXFQqBuDw', '2023-11-30 03:19:26', '2023-11-30 03:19:26'),
(11, 'Ms. Eugenia Larkin', 'beahan.juvenal@example.org', '2023-11-30 03:19:26', '$2y$10$92IXUNpkjO0rOQ5byMi.Ye4oKoEa3Ro9llC/.og/at2.uheWG/igi', '(616) 712-5682', 1, 3, 'P1pYMFV6BE', '2023-11-30 03:19:26', '2023-11-30 03:19:26'),
(12, 'Prof. Garfield Kessler', 'bins.teagan@example.com', '2023-11-30 03:19:26', '$2y$10$92IXUNpkjO0rOQ5byMi.Ye4oKoEa3Ro9llC/.og/at2.uheWG/igi', '(321) 202-1591', 1, 3, 'ETa4FFbFaU', '2023-11-30 03:19:26', '2023-11-30 03:19:26'),
(13, 'suci ', 'suci0804@gmail.com', NULL, '$2y$10$vC5d5nMbOGbr4TBjtRfyWeW09EOcWjcw5tEv64CAohJFMhcAWJncu', '081221436578', 2, 3, NULL, '2023-11-30 03:25:37', '2023-11-30 03:25:37'),
(14, 'maul', 'maul123@gmail.com', NULL, '$2y$10$GkE1SjUo0tsv87uPfvJxWun6WAXmEf3YyKC3jKHUpgLZNj0z./Z62', '0897384494', 1, 3, NULL, '2024-01-09 14:39:52', '2024-01-09 14:39:52');

--
-- Indexes for dumped tables
--

--
-- Indeks untuk tabel `attendances`
--
ALTER TABLE `attendances`
  ADD PRIMARY KEY (`id`);

--
-- Indeks untuk tabel `attendance_position`
--
ALTER TABLE `attendance_position`
  ADD PRIMARY KEY (`id`),
  ADD KEY `attendance_position_attendance_id_foreign` (`attendance_id`),
  ADD KEY `attendance_position_position_id_foreign` (`position_id`);

--
-- Indeks untuk tabel `failed_jobs`
--
ALTER TABLE `failed_jobs`
  ADD PRIMARY KEY (`id`),
  ADD UNIQUE KEY `failed_jobs_uuid_unique` (`uuid`);

--
-- Indeks untuk tabel `holidays`
--
ALTER TABLE `holidays`
  ADD PRIMARY KEY (`id`);

--
-- Indeks untuk tabel `migrations`
--
ALTER TABLE `migrations`
  ADD PRIMARY KEY (`id`);

--
-- Indeks untuk tabel `password_resets`
--
ALTER TABLE `password_resets`
  ADD KEY `password_resets_email_index` (`email`);

--
-- Indeks untuk tabel `permissions`
--
ALTER TABLE `permissions`
  ADD PRIMARY KEY (`id`),
  ADD KEY `permissions_user_id_foreign` (`user_id`),
  ADD KEY `permissions_attendance_id_foreign` (`attendance_id`);

--
-- Indeks untuk tabel `personal_access_tokens`
--
ALTER TABLE `personal_access_tokens`
  ADD PRIMARY KEY (`id`),
  ADD UNIQUE KEY `personal_access_tokens_token_unique` (`token`),
  ADD KEY `personal_access_tokens_tokenable_type_tokenable_id_index` (`tokenable_type`,`tokenable_id`);

--
-- Indeks untuk tabel `positions`
--
ALTER TABLE `positions`
  ADD PRIMARY KEY (`id`);

--
-- Indeks untuk tabel `presences`
--
ALTER TABLE `presences`
  ADD PRIMARY KEY (`id`),
  ADD KEY `presences_user_id_foreign` (`user_id`),
  ADD KEY `presences_attendance_id_foreign` (`attendance_id`);

--
-- Indeks untuk tabel `roles`
--
ALTER TABLE `roles`
  ADD PRIMARY KEY (`id`);

--
-- Indeks untuk tabel `users`
--
ALTER TABLE `users`
  ADD PRIMARY KEY (`id`),
  ADD UNIQUE KEY `users_email_unique` (`email`),
  ADD UNIQUE KEY `users_phone_unique` (`phone`),
  ADD KEY `users_role_id_foreign` (`role_id`),
  ADD KEY `users_position_id_foreign` (`position_id`);

--
-- AUTO_INCREMENT untuk tabel yang dibuang
--

--
-- AUTO_INCREMENT untuk tabel `attendances`
--
ALTER TABLE `attendances`
  MODIFY `id` bigint(20) UNSIGNED NOT NULL AUTO_INCREMENT, AUTO_INCREMENT=3;

--
-- AUTO_INCREMENT untuk tabel `attendance_position`
--
ALTER TABLE `attendance_position`
  MODIFY `id` bigint(20) UNSIGNED NOT NULL AUTO_INCREMENT, AUTO_INCREMENT=9;

--
-- AUTO_INCREMENT untuk tabel `failed_jobs`
--
ALTER TABLE `failed_jobs`
  MODIFY `id` bigint(20) UNSIGNED NOT NULL AUTO_INCREMENT;

--
-- AUTO_INCREMENT untuk tabel `holidays`
--
ALTER TABLE `holidays`
  MODIFY `id` bigint(20) UNSIGNED NOT NULL AUTO_INCREMENT;

--
-- AUTO_INCREMENT untuk tabel `migrations`
--
ALTER TABLE `migrations`
  MODIFY `id` int(10) UNSIGNED NOT NULL AUTO_INCREMENT, AUTO_INCREMENT=17;

--
-- AUTO_INCREMENT untuk tabel `permissions`
--
ALTER TABLE `permissions`
  MODIFY `id` bigint(20) UNSIGNED NOT NULL AUTO_INCREMENT;

--
-- AUTO_INCREMENT untuk tabel `personal_access_tokens`
--
ALTER TABLE `personal_access_tokens`
  MODIFY `id` bigint(20) UNSIGNED NOT NULL AUTO_INCREMENT;

--
-- AUTO_INCREMENT untuk tabel `positions`
--
ALTER TABLE `positions`
  MODIFY `id` bigint(20) UNSIGNED NOT NULL AUTO_INCREMENT, AUTO_INCREMENT=5;

--
-- AUTO_INCREMENT untuk tabel `presences`
--
ALTER TABLE `presences`
  MODIFY `id` bigint(20) UNSIGNED NOT NULL AUTO_INCREMENT, AUTO_INCREMENT=2;

--
-- AUTO_INCREMENT untuk tabel `roles`
--
ALTER TABLE `roles`
  MODIFY `id` bigint(20) UNSIGNED NOT NULL AUTO_INCREMENT, AUTO_INCREMENT=4;

--
-- AUTO_INCREMENT untuk tabel `users`
--
ALTER TABLE `users`
  MODIFY `id` bigint(20) UNSIGNED NOT NULL AUTO_INCREMENT, AUTO_INCREMENT=15;

--
-- Ketidakleluasaan untuk tabel pelimpahan (Dumped Tables)
--

--
-- Ketidakleluasaan untuk tabel `attendance_position`
--
ALTER TABLE `attendance_position`
  ADD CONSTRAINT `attendance_position_attendance_id_foreign` FOREIGN KEY (`attendance_id`) REFERENCES `attendances` (`id`) ON DELETE CASCADE,
  ADD CONSTRAINT `attendance_position_position_id_foreign` FOREIGN KEY (`position_id`) REFERENCES `positions` (`id`);

--
-- Ketidakleluasaan untuk tabel `permissions`
--
ALTER TABLE `permissions`
  ADD CONSTRAINT `permissions_attendance_id_foreign` FOREIGN KEY (`attendance_id`) REFERENCES `attendances` (`id`) ON DELETE CASCADE,
  ADD CONSTRAINT `permissions_user_id_foreign` FOREIGN KEY (`user_id`) REFERENCES `users` (`id`);

--
-- Ketidakleluasaan untuk tabel `presences`
--
ALTER TABLE `presences`
  ADD CONSTRAINT `presences_attendance_id_foreign` FOREIGN KEY (`attendance_id`) REFERENCES `attendances` (`id`) ON DELETE CASCADE,
  ADD CONSTRAINT `presences_user_id_foreign` FOREIGN KEY (`user_id`) REFERENCES `users` (`id`);

--
-- Ketidakleluasaan untuk tabel `users`
--
ALTER TABLE `users`
  ADD CONSTRAINT `users_position_id_foreign` FOREIGN KEY (`position_id`) REFERENCES `positions` (`id`),
  ADD CONSTRAINT `users_role_id_foreign` FOREIGN KEY (`role_id`) REFERENCES `roles` (`id`);
COMMIT;

/*!40101 SET CHARACTER_SET_CLIENT=@OLD_CHARACTER_SET_CLIENT */;
/*!40101 SET CHARACTER_SET_RESULTS=@OLD_CHARACTER_SET_RESULTS */;
/*!40101 SET COLLATION_CONNECTION=@OLD_COLLATION_CONNECTION */;
